"location_key","source","external_id","name","locality","country_iso","owner_name","provider_name","is_monitor","is_mobile","latitude","longitude","geom","created_at","updated_at"
"manila:SDG","manila",NULL,NULL,"Metro Manila","PH","AirGradient","AirGradient",True,False,NULL,NULL,NULL,"2026-06-09 17:50:31.128335+00","2026-06-10 19:06:59.257704+00"
"manila:cubao","manila",NULL,NULL,"Metro Manila","PH","AirGradient","AirGradient",True,False,NULL,NULL,NULL,"2026-06-09 17:50:31.128335+00","2026-06-10 19:06:59.257704+00"
"manila:lawton","manila",NULL,NULL,"Metro Manila","PH","AirGradient","AirGradient",True,False,NULL,NULL,NULL,"2026-06-09 17:50:31.128335+00","2026-06-10 19:06:59.257704+00"
"manila:makati","manila",NULL,NULL,"Metro Manila","PH","AirGradient","AirGradient",True,False,NULL,NULL,NULL,"2026-06-09 17:50:31.128335+00","2026-06-10 19:06:59.257704+00"
"manila:pasay","manila",NULL,NULL,"Metro Manila","PH","AirGradient","AirGradient",True,False,NULL,NULL,NULL,"2026-06-09 17:50:31.128335+00","2026-06-10 19:06:59.257704+00"
"openaq:11568","openaq","11568","SPARTAN - Manila Observatory","NaN","PH","Unknown Governmental Organization","Spartan",True,False,14.635,121.08,"0101000020E610000085EB51B81E455E4085EB51B81E452D40","2026-06-09 17:50:16.015093+00","2026-06-10 15:53:52.679314+00"
"openaq:1235975","openaq","1235975","Newton","NaN","SG","Unknown Governmental Organization","AirGradient",False,False,1.314694,103.839758,"0101000020E61000007BA35698BEF5594073F56393FC08F53F","2026-06-09 17:50:16.015093+00","2026-06-10 15:53:52.679314+00"
"openaq:1235990","openaq","1235990","Kasetsart university laboratory school 1, Chatuchak, Bangkok","NaN","TH","Unknown Governmental Organization","AirGradient",False,False,13.850829210818615,100.56881779163187,"0101000020E6100000471CBD826724594017E5E5E29FB32B40","2026-06-06 13:35:24.296129+00","2026-06-10 15:53:52.679314+00"
"openaq:1236002","openaq","1236002","The National Science Museum, Thailand (NSM)","NaN","TH","Unknown Governmental Organization","AirGradient",False,False,14.059029941320787,100.72229270474135,"0101000020E610000039402E0B3A2E594048EA262C391E2C40","2026-06-06 13:35:24.296129+00","2026-06-10 15:53:52.679314+00"
"openaq:1236034","openaq","1236034","Watkhemapirataram school 1, Mueang, Nonthaburi","NaN","TH","Unknown Governmental Organization","AirGradient",False,False,13.823306342907303,100.50341971861289,"0101000020E6100000A6E6560738205940A1C0B26888A52B40","2026-06-09 17:50:16.015093+00","2026-06-10 15:53:52.679314+00"
"openaq:1236038","openaq","1236038","Nuannoradit school 2, Phasi Charoen, Bangkok","NaN","TH","Unknown Governmental Organization","AirGradient",False,False,13.723905641056973,100.46672554559318,"0101000020E6100000F3A1D2D4DE1D594090759BC2A3722B40","2026-06-06 13:35:24.296129+00","2026-06-10 15:53:52.679314+00"
"openaq:1236053","openaq","1236053","Suwannaramwittayakom school 1, Bangkok Noi, Bangkok","NaN","TH","Unknown Governmental Organization","AirGradient",False,False,13.76312579330489,100.47612901861227,"0101000020E610000071E7D8E5781E594006F5896CB8862B40","2026-06-06 13:35:24.296129+00","2026-06-10 15:53:52.679314+00"
"openaq:1236063","openaq","1236063","intERLab, Pathumthani, Thailand","NaN","TH","Unknown Governmental Organization","AirGradient",False,False,14.077551603647665,100.61278750267229,"0101000020E610000000D812E93727594091D602D8B4272C40","2026-06-06 13:35:24.296129+00","2026-06-10 15:53:52.679314+00"
"openaq:1236074","openaq","1236074","Mahapruttaram girl's school 2, Bang Rak, Bangkok","NaN","TH","Unknown Governmental Organization","AirGradient",False,False,13.732667711114303,100.51601151861196,"0101000020E61000000D332D55062159406824E43820772B40","2026-06-06 13:35:24.296129+00","2026-06-10 15:53:52.679314+00"
"openaq:135","openaq","135","Prabadang Rehabiltation Center","Samut Prakan","TH","Unknown Governmental Organization","Air4Thai",True,False,13.664087,100.543436,"0101000020E610000005DEC9A7C7225940C365153603542B40","2026-06-09 17:50:16.015093+00","2026-06-10 15:53:52.679314+00"
"openaq:1543132","openaq","1543132","Manila","N/A","PH","Unknown Governmental Organization","AirNow",True,False,14.57711,120.9778,"0101000020E6100000D8817346943E5E409D6340F67A272D40","2026-06-09 17:50:16.015093+00","2026-06-10 15:53:52.679314+00"
"openaq:1698943","openaq","1698943","Savvi Condominium Phahol-Ari","NaN","TH","Abid Hussain","AirGradient",False,False,13.778406648867108,100.54654472577135,"0101000020E610000050BFBA96FA22594012BFF7508B8E2B40","2026-06-09 17:50:16.015093+00","2026-06-10 15:53:52.679314+00"
"openaq:1845518","openaq","1845518","Mall of Asia Sensor","NaN","PH","Unknown Person","AirGradient",False,False,14.536036,120.985543,"0101000020E61000005073F222133F5E4012F5824F73122D40","2026-06-09 17:50:16.015093+00","2026-06-10 15:53:52.679314+00"
"openaq:1846215","openaq","1846215","South Triangle, Quezon City","NaN","PH","Unknown Person","AirGradient",False,False,14.639479,121.032469,"0101000020E61000009148DBF813425E4023F59ECA69472D40","2026-06-09 17:50:16.015093+00","2026-06-10 15:53:52.679314+00"
"openaq:1877127","openaq","1877127","Acoem Thailand","NaN","TH","Unknown Person","AirGradient",False,False,13.806197714948992,100.6154652387912,"0101000020E6100000B71B50C863275940B7A167F2C59C2B40","2026-06-06 13:35:24.296129+00","2026-06-10 15:53:52.679314+00"
"openaq:2088223","openaq","2088223","Government House","Bangkok","TH","Unknown Governmental Organization","Air4Thai",True,False,13.763911018899341,100.51289004935268,"0101000020E6100000781AC930D3205940137456581F872B40","2026-06-06 13:35:24.296129+00","2026-06-10 15:53:52.679314+00"
"openaq:2167","openaq","2167","Highway District","Samut Sakhon","TH","Unknown Governmental Organization","Air4Thai",True,False,13.7054879,100.315622,"0101000020E61000007BF99D26331459408B72C4B535692B40","2026-06-09 17:50:16.015093+00","2026-06-10 15:53:52.679314+00"
"openaq:2181641","openaq","2181641","ทองหล่อ 8","NaN","TH","Unknown Person","AirGradient",False,False,13.7316,100.5834,"0101000020E6100000211FF46C56255940D881734694762B40","2026-06-09 17:50:16.015093+00","2026-06-10 15:53:52.679314+00"
"openaq:225568","openaq","225568","Bang Khen District Office, Bangkok","Bangkok","TH","Unknown Governmental Organization","Air4Thai",True,False,13.873603,100.595839,"0101000020E61000009BABE63922265940FE5F75E448BF2B40","2026-06-06 13:35:24.296129+00","2026-06-10 15:53:52.679314+00"
"openaq:225571","openaq","225571","Bang Khun Thian District Office, Bangkok","Bangkok","TH","Unknown Governmental Organization","Air4Thai",True,False,13.659908,100.435902,"0101000020E6100000B49080D1E51B5940CFBC1C76DF512B40","2026-06-06 13:35:24.296129+00","2026-06-10 15:53:52.679314+00"
"openaq:225572","openaq","225572","Kasertsart University","Bangkok","TH","Unknown Governmental Organization","Air4Thai",True,False,13.839923,100.575632,"0101000020E6100000FDA19927D7245940015130630AAE2B40","2026-06-06 13:35:24.296129+00","2026-06-10 15:53:52.679314+00"
"openaq:225574","openaq","225574","Phra Kanong District Office,  Bangkok","Bangkok","TH","Unknown Governmental Organization","Air4Thai",True,False,13.691511,100.61457,"0101000020E610000093C6681D5527594005A6D3BA0D622B40","2026-06-06 13:35:24.296129+00","2026-06-10 15:53:52.679314+00"
"openaq:225575","openaq","225575","Bangkok Noi Train Police Station","Bangkok","TH","Unknown Governmental Organization","Air4Thai",True,False,13.759619,100.481137,"0101000020E610000051F9D7F2CA1E594028D714C8EC842B40","2026-06-06 13:35:24.296129+00","2026-06-10 15:53:52.679314+00"
"openaq:225577","openaq","225577","Bank of Ayuthaya Head Office Yan Nawa, Bangkok","Bangkok","TH","Unknown Governmental Organization","Air4Thai",True,False,13.679226,100.54687,"0101000020E6100000774A07EBFF225940902FA182C35B2B40","2026-06-06 13:35:24.296129+00","2026-06-10 15:53:52.679314+00"
"openaq:225580","openaq","225580","National Housing Authority Klongchan","Bangkok","TH","Unknown Governmental Organization","Air4Thai",True,False,13.779873,100.646009,"0101000020E6100000FDFA2136582959401B118C834B8F2B40","2026-06-06 13:35:24.296129+00","2026-06-10 15:53:52.679314+00"
"openaq:225582","openaq","225582","Khlong Toei District Office, Bangkok","Bangkok","TH","Unknown Governmental Organization","Air4Thai",True,False,13.708488,100.583747,"0101000020E6100000D788601C5C25594086376BF0BE6A2B40","2026-06-06 13:35:24.296129+00","2026-06-10 15:53:52.679314+00"
"openaq:225590","openaq","225590","Sai Mai District Office, Bangkok","Bangkok","TH","Unknown Governmental Organization","Air4Thai",True,False,13.896035,100.660628,"0101000020E61000009AB4A9BA472A594089247A19C5CA2B40","2026-06-06 13:35:24.296129+00","2026-06-10 15:53:52.679314+00"
"openaq:225591","openaq","225591","Ladphrao District Office, Bangkok","Bangkok","TH","Unknown Governmental Organization","Air4Thai",True,False,13.803587,100.607535,"0101000020E6100000390B7BDAE126594044FB58C16F9B2B40","2026-06-06 13:35:24.296129+00","2026-06-10 15:53:52.679314+00"
"openaq:225593","openaq","225593","Big C Supercenter Bang Na","Bangkok","TH","Unknown Governmental Organization","Air4Thai",True,False,13.667987,100.635313,"0101000020E6100000506EDBF7A82859406A4E5E6402562B40","2026-06-06 13:35:24.296129+00","2026-06-10 15:53:52.679314+00"
"openaq:225595","openaq","225595","Bang Bon 5 Market","Bangkok","TH","Unknown Governmental Organization","Air4Thai",True,False,13.639165,100.372958,"0101000020E610000005323B8BDE175940E57E87A240472B40","2026-06-06 13:35:24.296129+00","2026-06-10 15:53:52.679314+00"
"openaq:225596","openaq","225596","Sathon District Office, Bangkok","Bangkok","TH","Unknown Governmental Organization","Air4Thai",True,False,13.707763,100.526787,"0101000020E61000004F3DD2E0B621594040A374E95F6A2B40","2026-06-06 13:35:24.296129+00","2026-06-10 15:53:52.679314+00"
"openaq:225599","openaq","225599","Bangrak Lovely Plaza","Bangkok","TH","Unknown Governmental Organization","Air4Thai",True,False,13.726136,100.528055,"0101000020E610000050DF32A7CB21594082E50819C8732B40","2026-06-06 13:35:24.296129+00","2026-06-10 15:53:52.679314+00"
"openaq:225604","openaq","225604","Seacon Square","Bangkok","TH","Unknown Governmental Organization","Air4Thai",True,False,13.695561,100.647615,"0101000020E61000008A592F867229594001BF469220642B40","2026-06-06 13:35:24.296129+00","2026-06-10 15:53:52.679314+00"
"openaq:225610","openaq","225610","Bueng Kum District Office, Bangkok","Bangkok","TH","Unknown Governmental Organization","Air4Thai",True,False,13.785212,100.669183,"0101000020E61000008202EFE4D32A59407FDAA84E07922B40","2026-06-06 13:35:24.296129+00","2026-06-10 15:53:52.679314+00"
"openaq:225612","openaq","225612","Bansomdejchaopraya Rajabhat University","Bangkok","TH","Unknown Governmental Organization","Air4Thai",True,False,13.732846,100.487662,"0101000020E61000002060ADDA351F59404302469737772B40","2026-06-06 13:35:24.296129+00","2026-06-10 15:53:52.679314+00"
"openaq:225613","openaq","225613","Lat Krabang Hospital","Bangkok","TH","Unknown Governmental Organization","Air4Thai",True,False,13.72205,100.784069,"0101000020E6100000AD33BE2F2E3259405227A089B0712B40","2026-06-06 13:35:24.296129+00","2026-06-10 15:53:52.679314+00"
"openaq:225614","openaq","225614","Tha phra Intersection","Bangkok","TH","Unknown Governmental Organization","Air4Thai",True,False,13.729431,100.474373,"0101000020E6100000BF4692205C1E59408D60E3FA77752B40","2026-06-06 13:35:24.296129+00","2026-06-10 15:53:52.679314+00"
"openaq:225617","openaq","225617","Suan Luang District Office, Bangkok","Bangkok","TH","Unknown Governmental Organization","Air4Thai",True,False,13.731051,100.651705,"0101000020E6100000F168E388B52959408C6A11514C762B40","2026-06-06 13:35:24.296129+00","2026-06-10 15:53:52.679314+00"
"openaq:225619","openaq","225619","Don Mueng District Office, Bangkok","Bangkok","TH","Unknown Governmental Organization","Air4Thai",True,False,13.910986,100.594877,"0101000020E61000002009FB76122659404B3ACAC16CD22B40","2026-06-06 13:35:24.296129+00","2026-06-10 15:53:52.679314+00"
"openaq:225621","openaq","225621","Thon Buri Market Sanam Luang 2","Bangkok","TH","Unknown Governmental Organization","Air4Thai",True,False,13.746257,100.355099,"0101000020E6100000E8F527F1B916594078D2C265157E2B40","2026-06-06 13:35:24.296129+00","2026-06-10 15:53:52.679314+00"
"openaq:225622","openaq","225622","Huai Khwang District Office, Bangkok","Bangkok","TH","Unknown Governmental Organization","Air4Thai",True,False,13.77682,100.579543,"0101000020E61000000CE8853B17255940E8C1DD59BB8D2B40","2026-06-06 13:35:24.296129+00","2026-06-10 15:53:52.679314+00"
"openaq:225624","openaq","225624","Odeon Circus","Bangkok","TH","Unknown Governmental Organization","Air4Thai",True,False,13.737136,100.512734,"0101000020E6100000066344A2D02059409468C9E369792B40","2026-06-06 13:35:24.296129+00","2026-06-10 15:53:52.679314+00"
"openaq:225629","openaq","225629","Department of Disease Control","Nonthaburi","TH","Unknown Governmental Organization","Air4Thai",True,False,13.852778,100.529444,"0101000020E61000000F441669E2215940207F69519FB42B40","2026-06-09 17:50:16.015093+00","2026-06-10 15:53:52.679314+00"
"openaq:225631","openaq","225631","National Economic and Social Development Council Office","Bangkok","TH","Unknown Governmental Organization","Air4Thai",True,False,13.756281,100.514267,"0101000020E61000005F9A22C0E92059401F2C634337832B40","2026-06-06 13:35:24.296129+00","2026-06-10 15:53:52.679314+00"
"openaq:225632","openaq","225632","Chomthong District Office, Bangkok","Bangkok","TH","Unknown Governmental Organization","Air4Thai",True,False,13.677757,100.483861,"0101000020E6100000D5B32094F71E594028452BF7025B2B40","2026-06-06 13:35:24.296129+00","2026-06-10 15:53:52.679314+00"
"openaq:225633","openaq","225633","Siam University","Bangkok","TH","Unknown Governmental Organization","Air4Thai",True,False,13.718689,100.45391,"0101000020E6100000F35487DC0C1D594069FD2D01F86F2B40","2026-06-06 13:35:24.296129+00","2026-06-10 15:53:52.679314+00"
"openaq:225634","openaq","225634","Rat Burana District Office,  Bangkok","Bangkok","TH","Unknown Governmental Organization","Air4Thai",True,False,13.6821364,100.5060513,"0101000020E61000004AE6FD246320594085D272FB405D2B40","2026-06-06 13:35:24.296129+00","2026-06-10 15:53:52.679314+00"
"openaq:225635","openaq","225635","Wang Thonglang District Office, Bangkok","Bangkok","TH","Unknown Governmental Organization","Air4Thai",True,False,13.778981,100.622294,"0101000020E6100000CF9F36AAD32759402769FE98D68E2B40","2026-06-06 13:35:24.296129+00","2026-06-10 15:53:52.679314+00"
"openaq:225637","openaq","225637","South Bangkok Power Plant","Samut Prakan","TH","Unknown Governmental Organization","Air4Thai",True,False,13.618,100.5562,"0101000020E61000004182E2C79823594023DBF97E6A3C2B40","2026-06-09 17:50:16.015093+00","2026-06-10 15:53:52.679314+00"
"openaq:225638","openaq","225638","Samyan Mitrtown","Bangkok","TH","Unknown Governmental Organization","Air4Thai",True,False,13.733136,100.52829,"0101000020E61000007233DC80CF2159405F0A0F9A5D772B40","2026-06-06 13:35:24.296129+00","2026-06-10 15:53:52.679314+00"
"openaq:225640","openaq","225640","Library under King Taksin Bridge","Bangkok","TH","Unknown Governmental Organization","Air4Thai",True,False,13.719705,100.508782,"0101000020E6100000C8B260E28F2059400D897B2C7D702B40","2026-06-06 13:35:24.296129+00","2026-06-10 15:53:52.679314+00"
"openaq:225641","openaq","225641","Din Dang, Bangkok","Bangkok","TH","Unknown Governmental Organization","Air4Thai",True,False,13.7619223,100.558606,"0101000020E61000005C566133C0235940AB2F01AE1A862B40","2026-06-06 13:35:24.296129+00","2026-06-10 15:53:52.679314+00"
"openaq:225642","openaq","225642","Bang Phlat District Office, Bangkok","Bangkok","TH","Unknown Governmental Organization","Air4Thai",True,False,13.793965,100.504956,"0101000020E6100000D17AF8325120594058569A9482962B40","2026-06-06 13:35:24.296129+00","2026-06-10 15:53:52.679314+00"
"openaq:225643","openaq","225643","Bangkok University Rangsit Campus","Pathum Thani","TH","Unknown Governmental Organization","Air4Thai",True,False,14.03742,100.605216,"0101000020E610000005C1E3DBBB265940C16ED8B628132C40","2026-06-09 17:50:16.015093+00","2026-06-10 15:53:52.679314+00"
"openaq:225645","openaq","225645","National Housing Authority Bangplee","Samut Prakan","TH","Unknown Governmental Organization","Air4Thai",True,False,13.5705,100.7862867,"0101000020E6100000E8717385523259406ABC749318242B40","2026-06-09 17:50:16.015093+00","2026-06-10 15:53:52.679314+00"
"openaq:225647","openaq","225647","Phra Nakhon District Office, Bangkok","Bangkok","TH","Unknown Governmental Organization","Air4Thai",True,False,13.76415,100.499077,"0101000020E6100000E44BA8E0F01F5940107A36AB3E872B40","2026-06-06 13:35:24.296129+00","2026-06-10 15:53:52.679314+00"
"openaq:225650","openaq","225650","The Government Public Relations Department","Bangkok","TH","Unknown Governmental Organization","Air4Thai",True,False,13.783185,100.540489,"0101000020E610000041B62C5F972259407E6FD39FFD902B40","2026-06-06 13:35:24.296129+00","2026-06-10 15:53:52.679314+00"
"openaq:225651","openaq","225651","Saphan Sung District Office, Bangkok","Bangkok","TH","Unknown Governmental Organization","Air4Thai",True,False,13.768892,100.685743,"0101000020E6100000809D9B36E32B5940E34F5436AC892B40","2026-06-06 13:35:24.296129+00","2026-06-10 15:53:52.679314+00"
"openaq:225652","openaq","225652","Public Park to commemorate the sixth anniversary of His Majesty the King","Bangkok","TH","Unknown Governmental Organization","Air4Thai",True,False,13.697252,100.497185,"0101000020E6100000F4C308E1D11F59402524D236FE642B40","2026-06-06 13:35:24.296129+00","2026-06-10 15:53:52.679314+00"
"openaq:225653","openaq","225653","Chokchai Police Station","Bangkok","TH","Unknown Governmental Organization","Air4Thai",True,False,13.7954248,100.5930298,"0101000020E61000006B234333F4255940CCDA5CEB41972B40","2026-06-06 13:35:24.296129+00","2026-06-10 15:53:52.679314+00"
"openaq:225656","openaq","225656","Bang Sue District Office, Bangkok","Bangkok","TH","Unknown Governmental Organization","Air4Thai",True,False,13.809596,100.537883,"0101000020E6100000C284D1AC6C225940E1F1ED5D839E2B40","2026-06-06 13:35:24.296129+00","2026-06-10 15:53:52.679314+00"
"openaq:225660","openaq","225660","Chaloem Phrakiat Rama 9 Park Min buri, Bangkok","Bangkok","TH","Unknown Governmental Organization","Air4Thai",True,False,13.813578,100.73208,"0101000020E610000090831266DA2E59407C7DAD4B8DA02B40","2026-06-06 13:35:24.296129+00","2026-06-10 15:53:52.679314+00"
"openaq:225667","openaq","225667","Mahaisawan Intersection","Bangkok","TH","Unknown Governmental Organization","Air4Thai",True,False,13.70515,100.48465,"0101000020E610000069006F81041F59407E8CB96B09692B40","2026-06-06 13:35:24.296129+00","2026-06-10 15:53:52.679314+00"
"openaq:225668","openaq","225668","Bang Kapi District Office, Bangkok","Bangkok","TH","Unknown Governmental Organization","Air4Thai",True,False,13.766478,100.647785,"0101000020E6100000B875374F75295940FC34EECD6F882B40","2026-06-06 13:35:24.296129+00","2026-06-10 15:53:52.679314+00"
"openaq:225671","openaq","225671","Khlong Sam Wa District Office, Bangkok","Bangkok","TH","Unknown Governmental Organization","Air4Thai",True,False,13.859911,100.704002,"0101000020E61000006494675E0E2D5940FAF02C4146B82B40","2026-06-06 13:35:24.296129+00","2026-06-10 15:53:52.679314+00"
"openaq:225672","openaq","225672","Suan Sayam-Ram Intra Intersection","Bangkok","TH","Unknown Governmental Organization","Air4Thai",True,False,13.813844,100.686594,"0101000020E61000004FE8F527F12B594076172829B0A02B40","2026-06-06 13:35:24.296129+00","2026-06-10 15:53:52.679314+00"
"openaq:225673","openaq","225673","National Housing Authority Dindaeng","Bangkok","TH","Unknown Governmental Organization","Air4Thai",True,False,13.762516670000002,100.5502,"0101000020E610000097900F7A36235940139CC09568862B40","2026-06-06 13:35:24.296129+00","2026-06-10 15:53:52.679314+00"
"openaq:225677","openaq","225677","Lak Si District Office, Bangkok","Bangkok","TH","Unknown Governmental Organization","Air4Thai",True,False,13.887395,100.579247,"0101000020E6100000975302621225594091442FA358C62B40","2026-06-06 13:35:24.296129+00","2026-06-10 15:53:52.679314+00"
"openaq:225678","openaq","225678","Bang Khae District Office, Bangkok","Bangkok","TH","Unknown Governmental Organization","Air4Thai",True,False,13.696314,100.409049,"0101000020E6100000895DDBDB2D1A59406F7EC34483642B40","2026-06-06 13:35:24.296129+00","2026-06-10 15:53:52.679314+00"
"openaq:225679","openaq","225679","Dusit District Office, Bangkok","Bangkok","TH","Unknown Governmental Organization","Air4Thai",True,False,13.776664,100.520982,"0101000020E610000080F3E2C4572159400AF65FE7A68D2B40","2026-06-06 13:35:24.296129+00","2026-06-10 15:53:52.679314+00"
"openaq:225680","openaq","225680","Sri Nakhon Khuean Khan Park","NaN","TH","Unknown Governmental Organization","Air4Thai",True,False,13.696681,100.563631,"0101000020E6100000C100C28712245940397D3D5FB3642B40","2026-06-09 17:50:16.015093+00","2026-06-10 15:53:52.679314+00"
"openaq:225681","openaq","225681","Soi Sukhumwit 63 Roadside Wattana, Bangkok","Bangkok","TH","Unknown Governmental Organization","Air4Thai",True,False,13.722096,100.584559,"0101000020E610000047E5266A6925594014252191B6712B40","2026-06-06 13:35:24.296129+00","2026-06-10 15:53:52.679314+00"
"openaq:225682","openaq","225682","King Mongkut's University of Technology Thonburi","Bangkok","TH","Unknown Governmental Organization","Air4Thai",True,False,13.651004,100.496673,"0101000020E610000099F38C7DC91F594060217365504D2B40","2026-06-06 13:35:24.296129+00","2026-06-10 15:53:52.679314+00"
"openaq:225683","openaq","225683","Nong Chok District Office, Bangkok","Bangkok","TH","Unknown Governmental Organization","Air4Thai",True,False,13.855362,100.86267,"0101000020E6100000614F3BFC35375940787B1002F2B52B40","2026-06-06 13:35:24.296129+00","2026-06-10 15:53:52.679314+00"
"openaq:225684","openaq","225684","Army Apartment Sam Sen","Bangkok","TH","Unknown Governmental Organization","Air4Thai",True,False,13.783554,100.5344645,"0101000020E6100000DF1797AA34225940CB4C69FD2D912B40","2026-06-06 13:35:24.296129+00","2026-06-10 15:53:52.679314+00"
"openaq:225685","openaq","225685","National Housing  Huaykwang","Bangkok","TH","Unknown Governmental Organization","Air4Thai",True,False,13.77553,100.569195,"0101000020E6100000FD82DDB06D2459403E22A644128D2B40","2026-06-06 13:35:24.296129+00","2026-06-10 15:53:52.679314+00"
"openaq:225686","openaq","225686","Highway NO.3902 km.13 +600","Bangkok","TH","Unknown Governmental Organization","Air4Thai",True,False,13.636514,100.414262,"0101000020E61000006F7EC344831A59406DE4BA29E5452B40","2026-06-06 13:35:24.296129+00","2026-06-10 15:53:52.679314+00"
"openaq:225688","openaq","225688","Ratchathewi District Office, Bangkok","Bangkok","TH","Unknown Governmental Organization","Air4Thai",True,False,13.7590851,100.5345788,"0101000020E6100000A3C8FF893622594004C35ECDA6842B40","2026-06-06 13:35:24.296129+00","2026-06-10 15:53:52.679314+00"
"openaq:225689","openaq","225689","Phutthamonthon 1 - Borommaratchachonnani Intersection","Bangkok","TH","Unknown Governmental Organization","Air4Thai",True,False,13.780778,100.426727,"0101000020E61000007E54C37E4F1B594061DF4E22C28F2B40","2026-06-06 13:35:24.296129+00","2026-06-10 15:53:52.679314+00"
"openaq:225691","openaq","225691","Ma Charean Roadside, Petcha Kasem 8, Nong Khaem","Bangkok","TH","Unknown Governmental Organization","Air4Thai",True,False,13.705582,100.343164,"0101000020E6100000884A2366F6155940E44A3D0B42692B40","2026-06-06 13:35:24.296129+00","2026-06-10 15:53:52.679314+00"
"openaq:229077","openaq","229077","Suvarnabhumi Airport Free Zone","NaN","TH","Unknown Governmental Organization","Air4Thai",True,False,13.702778,100.75,"0101000020E6100000000000000030594053B29C84D2672B40","2026-06-09 17:50:16.015093+00","2026-06-10 15:53:52.679314+00"
"openaq:229131","openaq","229131","King Kaew Temple","NaN","TH","Unknown Governmental Organization","Air4Thai",True,False,13.676111,100.715,"0101000020E6100000F6285C8FC22D594085EE92382B5A2B40","2026-06-09 17:50:16.015093+00","2026-06-10 15:53:52.679314+00"
"openaq:229191","openaq","229191","Lalin Greenville Village","NaN","TH","Unknown Governmental Organization","Air4Thai",True,False,13.702383,100.698808,"0101000020E6100000B98B3045B92C594061889CBE9E672B40","2026-06-09 17:50:16.015093+00","2026-06-10 15:53:52.679314+00"
"openaq:2326","openaq","2326","Thai Meteorological Department","Bangkok","TH","Unknown Governmental Organization","Air4Thai",True,False,13.666183,100.605742,"0101000020E610000013F4177AC4265940664D2CF015552B40","2026-06-06 13:35:24.296129+00","2026-06-10 15:53:52.679314+00"
"openaq:2352","openaq","2352","Thonburi Power Sub-Station","Bangkok","TH","Unknown Governmental Organization","Air4Thai",True,False,13.727622,100.486568,"0101000020E6100000EED11BEE231F594042B3EBDE8A742B40","2026-06-06 13:35:24.296129+00","2026-06-10 15:53:52.679314+00"
"openaq:2375","openaq","2375","Bodindecha Sing Singhaseni School","Bangkok","TH","Unknown Governmental Organization","Air4Thai",True,False,13.769634,100.614567,"0101000020E6100000DA8CD3105527594082C7B7770D8A2B40","2026-06-06 13:35:24.296129+00","2026-06-10 15:53:52.679314+00"
"openaq:2376","openaq","2376","Samut Sakhon Wittayalai School","Samut Sakhon","TH","Unknown Governmental Organization","Air4Thai",True,False,13.5502631,100.2647676,"0101000020E610000096C2CDF3F11059402364C515BC192B40","2026-06-09 17:50:16.015093+00","2026-06-10 15:53:52.679314+00"
"openaq:2433","openaq","2433","Nonsi Witthaya School","Bangkok","TH","Unknown Governmental Organization","Air4Thai",True,False,13.70806667,100.5473333,"0101000020E6100000C1E03F82072359404313EEB6876A2B40","2026-06-06 13:35:24.296129+00","2026-06-10 15:53:52.679314+00"
"openaq:2473770","openaq","2473770","Talingchan, Bangkok, Thailand","NaN","TH","Unknown Person","AirGradient",False,False,13.771228,100.434618,"0101000020E6100000301004C8D01B5940DC847B65DE8A2B40","2026-06-06 13:35:24.296129+00","2026-06-10 15:53:52.679314+00"
"openaq:2603964","openaq","2603964","NaN","NaN","TH","Unknown Person","AirGradient",False,False,13.771263,100.434679,"0101000020E61000008350DEC7D11B5940CD3AE3FBE28A2B40","2026-06-09 17:50:16.015093+00","2026-06-10 15:53:52.679314+00"
"openaq:2608457","openaq","2608457","Talingchan, Bangkok, Thailand","NaN","TH","Unknown Person","AirGradient",False,False,13.771263,100.434679,"0101000020E61000008350DEC7D11B5940CD3AE3FBE28A2B40","2026-06-06 13:35:24.296129+00","2026-06-10 15:53:52.679314+00"
"openaq:2674799","openaq","2674799","Talingchan, Bangkok, Thailand","NaN","TH","Unknown Person","AirGradient",False,False,13.771263,100.434679,"0101000020E61000008350DEC7D11B5940CD3AE3FBE28A2B40","2026-06-06 13:35:24.296129+00","2026-06-10 15:53:52.679314+00"
"openaq:2692433","openaq","2692433","Soi Rimthang Rotfai 3","NaN","TH","Unknown Person","AirGradient",False,False,13.723917563386962,100.4896320971784,"0101000020E6100000001DDD21561F5940787EA752A5722B40","2026-06-09 17:50:16.015093+00","2026-06-10 15:53:52.679314+00"
"openaq:2692436","openaq","2692436","Soi Naradhiwas Rajanagarindra 17/1","NaN","TH","Unknown Person","AirGradient",False,False,13.714227217771464,100.53463637224243,"0101000020E61000002282797B37225940A77B9C30AF6D2B40","2026-06-09 17:50:16.015093+00","2026-06-10 15:53:52.679314+00"
"openaq:2692437","openaq","2692437","Nana Nue Pier","NaN","TH","Unknown Person","AirGradient",False,False,13.74828616518107,100.55400303589226,"0101000020E6100000B04226C97423594000013F5D1F7F2B40","2026-06-09 17:50:16.015093+00","2026-06-10 15:53:52.679314+00"
"openaq:2692438","openaq","2692438","Soi Wong Sawang 3","NaN","TH","Unknown Person","AirGradient",False,False,13.818829640186134,100.5170517172806,"0101000020E6100000E40316601721594096307BA33DA32B40","2026-06-09 17:50:16.015093+00","2026-06-10 15:53:52.679314+00"
"openaq:2692439","openaq","2692439","Wanglang Rd.","NaN","TH","Unknown Person","AirGradient",False,False,13.759764,100.474672,"0101000020E6100000EC14AB06611E5940365B79C9FF842B40","2026-06-09 17:50:16.015093+00","2026-06-10 15:53:52.679314+00"
"openaq:2692642","openaq","2692642","Suriya Thep Alley","NaN","TH","Unknown Person","AirGradient",False,False,13.749383457371344,100.47691024942468,"0101000020E6100000FF1991B2851E59408C254330AF7F2B40","2026-06-09 17:50:16.015093+00","2026-06-10 15:53:52.679314+00"
"openaq:2692643","openaq","2692643","Tang Trong Chit Alley","NaN","TH","Unknown Person","AirGradient",False,False,13.768026699364972,100.46533225829832,"0101000020E610000091CAF300C81D59406B74A8CB3A892B40","2026-06-09 17:50:16.015093+00","2026-06-10 15:53:52.679314+00"
"openaq:2692644","openaq","2692644","Kiak Kai Intersection","NaN","TH","Unknown Person","AirGradient",False,False,13.79695026631216,100.5222724774432,"0101000020E61000000B8E8AE96C215940CDB284DD09982B40","2026-06-09 17:50:16.015093+00","2026-06-10 15:53:52.679314+00"
"openaq:2692645","openaq","2692645","Vibhavadi Rangsit 11 Alley Lane 10","NaN","TH","Unknown Person","AirGradient",False,False,13.824551234939227,100.55028307691722,"0101000020E6100000B6B982D6372359407BE157942BA62B40","2026-06-09 17:50:16.015093+00","2026-06-10 15:53:52.679314+00"
"openaq:2694254","openaq","2694254","Soi Kheha Pattana 1","NaN","TH","Unknown Person","AirGradient",False,False,13.709940984188846,100.57602189955097,"0101000020E61000007A16F58ADD245940BF5C7A627D6B2B40","2026-06-09 17:50:16.015093+00","2026-06-10 15:53:52.679314+00"
"openaq:2811595","openaq","2811595","โรงเรียนบ้านสันดาบ","NaN","TH","Meechai Bamboo Schools","AirGradient",False,False,13.538714910765675,100.34699792942607,"0101000020E61000008AAACD36351659405736D770D2132B40","2026-06-09 17:50:16.015093+00","2026-06-10 15:53:52.679314+00"
"openaq:2812750","openaq","2812750","Demo Unit 1","NaN","PH","Clarity","Clarity",False,False,14.58594,121.02932,"0101000020E61000009947FE60E0415E4024D6E253002C2D40","2026-06-09 17:50:16.015093+00","2026-06-10 15:53:52.679314+00"
"openaq:2848810","openaq","2848810","International School Bangkok - Nonthaburi ","NaN","TH","ISB","AirGradient",False,False,13.8929,100.5258,"0101000020E6100000280F0BB5A6215940613255302AC92B40","2026-06-06 13:35:24.296129+00","2026-06-10 15:53:52.679314+00"
"openaq:2909413","openaq","2909413","Soi Bumrungsin ","NaN","TH","M Cross","AirGradient",False,False,13.4054598,100.9875579,"0101000020E610000003DA0C26343F594076AF496D98CF2A40","2026-06-09 17:50:16.015093+00","2026-06-10 15:53:52.679314+00"
"openaq:3015285","openaq","3015285","Ortigas","NaN","PH","Clarity","Clarity",False,False,14.58853,121.05822,"0101000020E610000048FE60E0B9435E40056EDDCD532D2D40","2026-06-09 17:50:16.015093+00","2026-06-10 15:53:52.679314+00"
"openaq:3019320","openaq","3019320","Rangsit - Nakhon Nayok 25","NaN","TH","Wit","AirGradient",False,False,13.990582062342105,100.63521933513957,"0101000020E6100000868DFF6EA7285940F38673922DFB2B40","2026-06-09 17:50:16.015093+00","2026-06-10 15:53:52.679314+00"
"openaq:3027756","openaq","3027756","NASA GSFC Rutgers Calib. N12","NaN","PH","Clarity","Clarity",False,False,14.63525,121.07784,"0101000020E610000085949F54FB445E406891ED7C3F452D40","2026-06-09 17:50:16.015093+00","2026-06-10 15:53:52.679314+00"
"openaq:3038744","openaq","3038744","Ocean Park","NaN","SG","TBH","AirGradient",False,False,1.3094745,103.9178515,"0101000020E610000069C53714BEFA59409F2287889BF3F43F","2026-06-09 17:50:16.015093+00","2026-06-10 15:53:52.679314+00"
"openaq:3040714","openaq","3040714","Midwood","NaN","SG","Lawliet","AirGradient",False,False,1.3641,103.7637,"0101000020E610000022FDF675E0F05940DE9387855AD3F53F","2026-06-09 17:50:16.015093+00","2026-06-10 15:53:52.679314+00"
"openaq:3090636","openaq","3090636","Uno Solutions","NaN","TH","Unknown Person","AirGradient",False,False,13.8498819,100.638635,"0101000020E61000002EC55565DF285940B8EC6BB823B32B40","2026-06-09 17:50:16.015093+00","2026-06-10 15:53:52.679314+00"
"openaq:3097120","openaq","3097120","Circle Living Prototype","NaN","TH","Unknown Person","AirGradient",False,False,13.750578,100.556228,"0101000020E6100000A647533D99235940B63176C24B802B40","2026-06-09 17:50:16.015093+00","2026-06-10 15:53:52.679314+00"
"openaq:3098346","openaq","3098346","Svartbäcksgatan 108",NULL,"SE","Unknown Person","AirGradient",False,False,59.879087,17.6204637,"0101000020E6100000EBDA83B5D69E31405CAB3DEC85F04D40","2026-06-06 13:35:24.296129+00","2026-06-07 17:22:07.437197+00"
"openaq:3098869","openaq","3098869","NIST International School","NaN","TH","Unknown Person","AirGradient",False,False,13.747719895912152,100.56011829186963,"0101000020E61000002C5E64FAD8235940BE056724D57E2B40","2026-06-09 17:50:16.015093+00","2026-06-10 15:53:52.679314+00"
"openaq:3323686","openaq","3323686","Kilbowie Roundabout Clydebank Glasgow",NULL,"GB","Unknown Person","AirGradient",False,False,55.9181146,-4.4063504,"0101000020E6100000B7DDBA511AA011C0757D7AC784F54B40","2026-06-06 13:35:24.296129+00","2026-06-07 17:22:07.437197+00"
"openaq:3332045","openaq","3332045","Soi Ramintra 62","NaN","TH","Unknown Person","AirGradient",False,False,13.8306134,100.6690372,"0101000020E6100000AD736781D12A59401E3DD92846A92B40","2026-06-09 17:50:16.015093+00","2026-06-10 15:53:52.679314+00"
"openaq:3354390","openaq","3354390","Soi Cowboy","NaN","TH","Unknown Person","AirGradient",False,False,13.7370851,100.562983,"0101000020E61000000E4DD9E907245940DFBCDD3763792B40","2026-06-09 17:50:16.015093+00","2026-06-10 15:53:52.679314+00"
"openaq:3370071","openaq","3370071","Pasay-Taft","NaN","PH","Clarity","Clarity",False,False,14.5377,121.00094,"0101000020E61000008750A5660F405E404F1E166A4D132D40","2026-06-09 17:50:16.015093+00","2026-06-10 15:53:52.679314+00"
"openaq:3370072","openaq","3370072","Boni Serrano","NaN","PH","Clarity","Clarity",False,False,14.61071,121.05484,"0101000020E6100000CFA0A17F82435E4029AE2AFBAE382D40","2026-06-09 17:50:16.015093+00","2026-06-10 15:53:52.679314+00"
"openaq:3370151","openaq","3370151","Mandaluyong City","NaN","PH","Clarity","Clarity",False,False,14.58455,121.01877,"0101000020E61000005709168733415E40ECC039234A2B2D40","2026-06-09 17:50:16.015093+00","2026-06-10 15:53:52.679314+00"
"openaq:3400894","openaq","3400894","Kilbowie Rd Clydebank Glasgow",NULL,"GB","Scotswolds Ltd","AirGradient",False,False,55.9179442,-4.4060748,"0101000020E610000041EB8612D29F11C0C5460F327FF54B40","2026-06-06 13:35:24.296129+00","2026-06-07 17:22:07.437197+00"
"openaq:3400903","openaq","3400903","Soi Cowboy ","NaN","TH","M cross","AirGradient",False,False,13.7370851,100.562983,"0101000020E61000000E4DD9E907245940DFBCDD3763792B40","2026-06-09 17:50:16.015093+00","2026-06-10 15:53:52.679314+00"
"openaq:3400935","openaq","3400935","MI Home","NaN","TH","Thung Hua Sinn Group","AirGradient",False,False,13.698573693307418,100.5959569057577,"0101000020E610000080036F2824265940DD337D73AB652B40","2026-06-09 17:50:16.015093+00","2026-06-10 15:53:52.679314+00"
"openaq:3400936","openaq","3400936","Thung Hua Sinn Group","NaN","TH","Thung Hua Sinn Group","AirGradient",False,False,13.69892706888951,100.5967325993592,"0101000020E61000001CADEDDD30265940D456CEC4D9652B40","2026-06-09 17:50:16.015093+00","2026-06-10 15:53:52.679314+00"
"openaq:3400937","openaq","3400937","Khlong 3 - Lat Sawai","NaN","TH","TD","AirGradient",False,False,13.944866,100.6670272,"0101000020E6100000B862DA92B02A59406534F279C5E32B40","2026-06-09 17:50:16.015093+00","2026-06-10 15:53:52.679314+00"
"openaq:3400941","openaq","3400941","Neighbour Home","NaN","TH","Brad Ford","AirGradient",False,False,13.9135033,100.6843258,"0101000020E6100000C7B370FECB2B59407F935CB4B6D32B40","2026-06-09 17:50:16.015093+00","2026-06-10 15:53:52.679314+00"
"openaq:3400954","openaq","3400954","Bangramad, Talingchan","NaN","TH","nnarin","AirGradient",False,False,13.769972,100.436219,"0101000020E610000034B91803EB1B5940E2AB1DC5398A2B40","2026-06-09 17:50:16.015093+00","2026-06-10 15:53:52.679314+00"
"openaq:3400956","openaq","3400956","The Lofts Asoke - sukhumvit 21","NaN","TH","Unknown Person","AirGradient",False,False,13.74679776025865,100.56215036834317,"0101000020E6100000F8DD8945FA235940EB12AA465C7E2B40","2026-06-09 17:50:16.015093+00","2026-06-10 15:53:52.679314+00"
"openaq:3400979","openaq","3400979","House 45, Arden Rama 3","NaN","TH","Mogens Christiansen","AirGradient",False,False,13.67941,100.54297,"0101000020E6100000622D3E05C02259409626A5A0DB5B2B40","2026-06-09 17:50:16.015093+00","2026-06-10 15:53:52.679314+00"
"openaq:3400985","openaq","3400985","Onnut 44","NaN","TH","Nonpawit","AirGradient",False,False,13.699072722760107,100.63272004438734,"0101000020E6100000B58A367C7E285940888F23DCEC652B40","2026-06-09 17:50:16.015093+00","2026-06-10 15:53:52.679314+00"
"openaq:3400991","openaq","3400991","Potong Pasir Singapore","NaN","SG","Unknown Person","AirGradient",False,False,1.330931,103.868663,"0101000020E6100000B20FB22C98F75940A2B8E34D7E4BF53F","2026-06-06 13:35:24.296129+00","2026-06-10 15:53:52.679314+00"
"openaq:3402586","openaq","3402586","TPN FlexPak","NaN","TH","Thung Hua Sinn Group","AirGradient",False,False,13.5865189344302,100.95071089222978,"0101000020E6100000FC847F72D83C594097B9B3354C2C2B40","2026-06-09 17:50:16.015093+00","2026-06-10 15:53:52.679314+00"
"openaq:3402593","openaq","3402593","TPN Packaging","NaN","TH","Thung Hua Sinn Group","AirGradient",False,False,13.587370852277184,100.94784483015584,"0101000020E6100000EECC5C7DA93C5940ED4E52DFBB2C2B40","2026-06-09 17:50:16.015093+00","2026-06-10 15:53:52.679314+00"
"openaq:3402594","openaq","3402594","Thung Hua Sinn Printing Network","NaN","TH","Thung Hua Sinn Group","AirGradient",False,False,13.579648742936051,100.94081408928972,"0101000020E610000062474C4C363C5940DC2754B8C7282B40","2026-06-09 17:50:16.015093+00","2026-06-10 15:53:52.679314+00"
"openaq:3407228","openaq","3407228","Noble Remix - Bangkok","NaN","TH","Milo","AirGradient",False,False,13.725080260147958,100.57723279163291,"0101000020E61000007F8FCE61F12459400E9F48B83D732B40","2026-06-06 13:35:24.296129+00","2026-06-10 15:53:52.679314+00"
"openaq:3652441","openaq","3652441","Soi Sukhumvit 31, High floor","NaN","TH","Dennis","AirGradient",False,False,13.73411,100.565955,"0101000020E61000007E00529B3824594047551344DD772B40","2026-06-09 17:50:16.015093+00","2026-06-10 15:53:52.679314+00"
"openaq:368390","openaq","368390","Thawee Wanarom Park","Bangkok","TH","Unknown Governmental Organization","Air4Thai",True,False,13.7435329,100.3526893,"0101000020E61000008B4924769216594005002258B07C2B40","2026-06-06 13:35:24.296129+00","2026-06-10 15:53:52.679314+00"
"openaq:368391","openaq","368391","Suan Luang Rama IX","Bangkok","TH","Unknown Governmental Organization","Air4Thai",True,False,13.6881393,100.6579657,"0101000020E6100000F2D82A1C1C2A5940462F59CB53602B40","2026-06-06 13:35:24.296129+00","2026-06-10 15:53:52.679314+00"
"openaq:368392","openaq","368392","Ramintra Sports Park","Bangkok","TH","Unknown Governmental Organization","Air4Thai",True,False,13.8778763,100.6207085,"0101000020E61000005AF624B0B9275940F2DD9C0079C12B40","2026-06-06 13:35:24.296129+00","2026-06-10 15:53:52.679314+00"
"openaq:368393","openaq","368393","Rommani Thungsikan Park","Bangkok","TH","Unknown Governmental Organization","Air4Thai",True,False,13.9288678,100.5684666,"0101000020E610000092F7BBC1612459406D9D6E8F94DB2B40","2026-06-06 13:35:24.296129+00","2026-06-10 15:53:52.679314+00"
"openaq:368394","openaq","368394","Lumpini park","Bangkok","TH","Unknown Governmental Organization","Air4Thai",True,False,13.732225,100.5448381,"0101000020E610000059479FA0DE22594090A0F831E6762B40","2026-06-06 13:35:24.296129+00","2026-06-10 15:53:52.679314+00"
"openaq:368395","openaq","368395","Thonburirom Park","Bangkok","TH","Unknown Governmental Organization","Air4Thai",True,False,13.6502295,100.4909771,"0101000020E61000006FE5362B6C1F5940F3C98AE1EA4C2B40","2026-06-06 13:35:24.296129+00","2026-06-10 15:53:52.679314+00"
"openaq:368396","openaq","368396","Queen Sirikit Park","Bangkok","TH","Unknown Governmental Organization","Air4Thai",True,False,13.8055472,100.5488338,"0101000020E61000001F7CCD1720235940CCC4BEAE709C2B40","2026-06-06 13:35:24.296129+00","2026-06-10 15:53:52.679314+00"
"openaq:368397","openaq","368397","Rama VIII Park","Bangkok","TH","Unknown Governmental Organization","Air4Thai",True,False,13.7693437,100.4945337,"0101000020E61000004611AD70A61F59406CC4DD6AE7892B40","2026-06-06 13:35:24.296129+00","2026-06-10 15:53:52.679314+00"
"openaq:368398","openaq","368398","Santiphap Park","NaN","TH","Unknown Governmental Organization","Air4Thai",True,False,13.7631081,100.541407,"0101000020E6100000D5B48B69A62259401AA0D91AB6862B40","2026-06-09 17:50:16.015093+00","2026-06-10 15:53:52.679314+00"
"openaq:368399","openaq","368399","Benjakitti Park","Bangkok","TH","Unknown Governmental Organization","Air4Thai",True,False,13.7328791,100.5600172,"0101000020E6100000A4CC6152D723594005D8ECED3B772B40","2026-06-06 13:35:24.296129+00","2026-06-10 15:53:52.679314+00"
"openaq:368400","openaq","368400","Bang Kho Laem District Office, Bangkok (Mobile)","Bangkok","TH","Unknown Governmental Organization","Air4Thai",True,False,13.69304,100.50244,"0101000020E6100000F20C1AFA27205940C2A38D23D6622B40","2026-06-06 13:35:24.296129+00","2026-06-10 15:53:52.679314+00"
"openaq:368401","openaq","368401","Nong Chok Park","Bangkok","TH","Unknown Governmental Organization","Air4Thai",True,False,13.855656,100.8585539,"0101000020E61000009C960E8CF23659409A40118B18B62B40","2026-06-06 13:35:24.296129+00","2026-06-10 15:53:52.679314+00"
"openaq:368402","openaq","368402","Serithai Park","Bangkok","TH","Unknown Governmental Organization","Air4Thai",True,False,13.7855673,100.6733359,"0101000020E6100000416E75EF172B5940329D8CE035922B40","2026-06-06 13:35:24.296129+00","2026-06-10 15:53:52.679314+00"
"openaq:368403","openaq","368403","Chatuchak Park","Bangkok","TH","Unknown Governmental Organization","Air4Thai",True,False,13.802546,100.5509191,"0101000020E6100000794F2F42422359403C122F4FE79A2B40","2026-06-06 13:35:24.296129+00","2026-06-10 15:53:52.679314+00"
"openaq:368404","openaq","368404","60th Anniversary of Queen Sirikit Park ,Kheha Romklao Road, Lat Krabang, Bangkok","Bangkok","TH","Unknown Governmental Organization","Air4Thai",True,False,13.7631141,100.7302101,"0101000020E61000005EAD24C3BB2E5940A23B2DE4B6862B40","2026-06-06 13:35:24.296129+00","2026-06-10 15:53:52.679314+00"
"openaq:368405","openaq","368405","Bang Khae Phirom Park","Bangkok","TH","Unknown Governmental Organization","Air4Thai",True,False,13.6863478,100.3844036,"0101000020E6100000BD9D8E119A185940F45C95FA685F2B40","2026-06-06 13:35:24.296129+00","2026-06-10 15:53:52.679314+00"
"openaq:368406","openaq","368406","80th Anniversary Commemoration Park","Bangkok","TH","Unknown Governmental Organization","Air4Thai",True,False,13.7716446,100.4681128,"0101000020E6100000B2B5638FF51D59401F454200158B2B40","2026-06-06 13:35:24.296129+00","2026-06-10 15:53:52.679314+00"
"openaq:368407","openaq","368407","Wacchirabenchatat Park","Bangkok","TH","Unknown Governmental Organization","Air4Thai",True,False,13.8118516,100.5535825,"0101000020E6100000D4484BE56D2359401A694E03AB9F2B40","2026-06-06 13:35:24.296129+00","2026-06-10 15:53:52.679314+00"
"openaq:368408","openaq","368408","Phra Nakhon Park","Bangkok","TH","Unknown Governmental Organization","Air4Thai",True,False,13.7201042,100.7807077,"0101000020E610000010CF6D1DF7315940AB6C697FB1702B40","2026-06-06 13:35:24.296129+00","2026-06-10 15:53:52.679314+00"
"openaq:368485","openaq","368485","Benchasiri Park","Bangkok","TH","Unknown Governmental Organization","Air4Thai",True,False,13.7304916,100.5684634,"0101000020E610000045FE4FB4612459406401B8FE02762B40","2026-06-06 13:35:24.296129+00","2026-06-10 15:53:52.679314+00"
"openaq:3990424","openaq","3990424","C5 Ext. Las Pinas","NaN","PH","Clarity","Clarity",False,False,14.47822,120.98664,"0101000020E61000003A3B191C253F5E4014967840D9F42C40","2026-06-09 17:50:16.015093+00","2026-06-10 15:53:52.679314+00"
"openaq:3990425","openaq","3990425","Along Shaw Blvd.","NaN","PH","Clarity","Clarity",False,False,14.57863,121.05675,"0101000020E61000001283C0CAA1435E400EF8FC3042282D40","2026-06-09 17:50:16.015093+00","2026-06-10 15:53:52.679314+00"
"openaq:3990426","openaq","3990426","Near Sucat Interchange/Exit","NaN","PH","Clarity","Clarity",False,False,14.45627,121.04569,"0101000020E610000045F0BF95EC425E40B64AB0389CE92C40","2026-06-09 17:50:16.015093+00","2026-06-10 15:53:52.679314+00"
"openaq:4028033","openaq","4028033","Opposite Thammasat Chiang Rak 1 Gate - ชุมชนคุ้งผ้าพับ ธรรมศาสตร์ เชียงราก 1","NaN","TH","Tai D.","AirGradient",False,False,14.064706097742768,100.60502410138216,"0101000020E61000009A2E02B7B82659405E505B2821212C40","2026-06-09 17:50:16.015093+00","2026-06-10 15:53:52.679314+00"
"openaq:4049149","openaq","4049149","STRC","NaN","PH","EarthLab","AirGradient",False,False,14.56637517989103,120.9922368328637,"0101000020E610000051C2EACE803F5E40D3CB75EDFB212D40","2026-06-09 17:50:16.015093+00","2026-06-10 15:53:52.679314+00"
"openaq:4131363","openaq","4131363","KU faculty of environnment","NaN","TH","HealthDEEP IRL","AirGradient",False,False,13.85574,100.570032,"0101000020E61000001A6B7F677B24594012C2A38D23B62B40","2026-06-09 17:50:16.015093+00","2026-06-10 15:53:52.679314+00"
"openaq:4133388","openaq","4133388","Kasetsat University","NaN","TH","HealthDEEP IRL","AirGradient",False,False,13.85574,100.570032,"0101000020E61000001A6B7F677B24594012C2A38D23B62B40","2026-06-09 17:50:16.015093+00","2026-06-10 15:53:52.679314+00"
"openaq:418","openaq","418","Department of Disease Control","NaN","TH","Unknown Governmental Organization","Air4Thai",True,False,13.853457,100.527132,"0101000020E6100000342BDB87BC215940A515DF50F8B42B40","2026-06-09 17:50:16.015093+00","2026-06-10 15:53:52.679314+00"
"openaq:418809","openaq","418809","National Housing Authority Klongchan","Bangkok","TH","Unknown Governmental Organization","Air4Thai",True,False,13.76121,100.517035,"0101000020E6100000CBF8F71917215940BDC62E51BD852B40","2026-06-06 13:35:24.296129+00","2026-06-10 15:53:52.679314+00"
"openaq:418810","openaq","418810","Southeast Asia University, Bangkok (Mobile)","NaN","TH","Unknown Governmental Organization","Air4Thai",True,False,13.70735,100.35391,"0101000020E61000008DEE2076A6165940B5A679C7296A2B40","2026-06-06 13:35:24.296129+00","2026-06-10 15:53:52.679314+00"
"openaq:4213488","openaq","4213488","KU Faculty of environnment","NaN","TH","HealthDEEP IRL","AirGradient",False,False,13.85574,100.570032,"0101000020E61000001A6B7F677B24594012C2A38D23B62B40","2026-06-09 17:50:16.015093+00","2026-06-10 15:53:52.679314+00"
"openaq:4526987","openaq","4526987","Monumento, Caloocan","NaN","PH","Clarity","Clarity",False,False,14.65744,120.98362,"0101000020E610000042EC4CA1F33E5E401B2AC6F99B502D40","2026-06-09 17:50:16.015093+00","2026-06-10 15:53:52.679314+00"
"openaq:4526988","openaq","4526988","Near Katipunan Ave., Quezon City","NaN","PH","Clarity","Clarity",False,False,14.63842,121.0767,"0101000020E61000009BE61DA7E8445E4082397AFCDE462D40","2026-06-09 17:50:16.015093+00","2026-06-10 15:53:52.679314+00"
"openaq:4526989","openaq","4526989","Bradco Ave. cor Macapagal","NaN","PH","Clarity","Clarity",False,False,14.52917,120.98988,"0101000020E6100000BABDA4315A3F5E40740CC85EEF0E2D40","2026-06-09 17:50:16.015093+00","2026-06-10 15:53:52.679314+00"
"openaq:4565934","openaq","4565934","Manila Observatory","NaN","PH","Manila Observatory","AirGradient",False,False,14.6354,121.0779,"0101000020E6100000F0164850FC445E40BEC1172653452D40","2026-06-09 17:50:16.015093+00","2026-06-10 15:53:52.679314+00"
"openaq:4576354","openaq","4576354","Choa Chu Kang","NaN","SG","AirGradient","AirGradient",False,False,1.3836628874274692,103.74700933032665,"0101000020E6100000D4E33800CFEF5940DF0923B27B23F63F","2026-06-09 17:50:16.015093+00","2026-06-10 15:53:52.679314+00"
"openaq:4712030","openaq","4712030","PSGMEA",NULL,"PK","The Urban Unit","AirGradient",False,False,32.487371,74.512444,"0101000020E61000000342EBE1CBA052406902452C623E4040","2026-06-06 13:35:24.296129+00","2026-06-07 17:22:07.437197+00"
"openaq:4754802","openaq","4754802","Urban Studies Lab","NaN","TH","AirGradient","AirGradient",False,False,13.7574005,100.5066183,"0101000020E61000008783296F6C205940B6F292FFC9832B40","2026-06-09 17:50:16.015093+00","2026-06-10 15:53:52.679314+00"
"openaq:4795495","openaq","4795495","Barangay San Rafael Hall","NaN","PH","Clarity","Clarity",False,False,14.63666,120.96414,"0101000020E6100000FD304278B43D5E40BC57AD4CF8452D40","2026-06-09 17:50:16.015093+00","2026-06-10 15:53:52.679314+00"
"openaq:4795496","openaq","4795496","Gen. Luna St. corner Gov. Pascual Ave.","NaN","PH","Clarity","Clarity",False,False,14.66963,120.94676,"0101000020E61000004D4A41B7973C5E4049D74CBED9562D40","2026-06-09 17:50:16.015093+00","2026-06-10 15:53:52.679314+00"
"openaq:4795497","openaq","4795497","3S Center Ugong","NaN","PH","Clarity","Clarity",False,False,14.69397,121.00919,"0101000020E6100000D15CA79196405E406CCF2C0950632D40","2026-06-09 17:50:16.015093+00","2026-06-10 15:53:52.679314+00"
"openaq:4795498","openaq","4795498","Valenzuela CENRO (ARCA North)","NaN","PH","Clarity","Clarity",False,False,14.69158,120.97246,"0101000020E6100000C32ADEC83C3E5E40A72215C616622D40","2026-06-09 17:50:16.015093+00","2026-06-10 15:53:52.679314+00"
"openaq:4795499","openaq","4795499","Malabon Action Center","NaN","PH","Clarity","Clarity",False,False,14.66916,120.97576,"0101000020E6100000AD2F12DA723E5E402D95B7239C562D40","2026-06-09 17:50:16.015093+00","2026-06-10 15:53:52.679314+00"
"openaq:4795500","openaq","4795500","Barangay Tanza 2 Hall","NaN","PH","Clarity","Clarity",False,False,14.67508,120.93989,"0101000020E610000099F56228273C5E400B5EF415A4592D40","2026-06-09 17:50:16.015093+00","2026-06-10 15:53:52.679314+00"
"openaq:4797637","openaq","4797637","J.P. Rizal Avenue corner Camia","NaN","PH","Clarity","Clarity",False,False,14.56746,121.03929,"0101000020E6100000D44334BA83425E408A93FB1D8A222D40","2026-06-09 17:50:16.015093+00","2026-06-10 15:53:52.679314+00"
"openaq:4797638","openaq","4797638","Mandaluyong Elementary School","NaN","PH","Clarity","Clarity",False,False,14.58655,121.02549,"0101000020E61000000118CFA0A1415E4007F01648502C2D40","2026-06-09 17:50:16.015093+00","2026-06-10 15:53:52.679314+00"
"openaq:4797639","openaq","4797639","Caloocan Sports Complex","NaN","PH","Clarity","Clarity",False,False,14.75097,121.02042,"0101000020E6100000CC0BB08F4E415E40E38DCC237F802D40","2026-06-09 17:50:16.015093+00","2026-06-10 15:53:52.679314+00"
"openaq:4797640","openaq","4797640","Kalayaan Avenue  - South Avenue Intersection","NaN","PH","Clarity","Clarity",False,False,14.5688,121.01795,"0101000020E6100000A5BDC11726415E40FAEDEBC039232D40","2026-06-09 17:50:16.015093+00","2026-06-10 15:53:52.679314+00"
"openaq:4797641","openaq","4797641","Unnamed (DNVBA1576 → AL739RG7)","NaN","PH","Clarity","Clarity",False,False,14.56383,121.05797,"0101000020E61000008B89CDC7B5435E40E2016553AE202D40","2026-06-09 17:50:16.015093+00","2026-06-10 15:53:52.679314+00"
"openaq:4797642","openaq","4797642","Santa Clara - Pasay City General Hospital","NaN","PH","Clarity","Clarity",False,False,14.54848,121.00053,"0101000020E6100000AE2AFBAE08405E402905DD5ED2182D40","2026-06-09 17:50:16.015093+00","2026-06-10 15:53:52.679314+00"
"openaq:4797643","openaq","4797643","Sto. Rosario Bridge","NaN","PH","Clarity","Clarity",False,False,14.54939,121.07264,"0101000020E61000006A183E22A6445E40B77F65A549192D40","2026-06-09 17:50:16.015093+00","2026-06-10 15:53:52.679314+00"
"openaq:4797644","openaq","4797644","World Trade Center","NaN","PH","Clarity","Clarity",False,False,14.55157,120.98649,"0101000020E610000030F5F3A6223F5E40D1E80E62671A2D40","2026-06-09 17:50:16.015093+00","2026-06-10 15:53:52.679314+00"
"openaq:4797645","openaq","4797645","J.P. Rizal Avenue corner Pertierra","NaN","PH","Clarity","Clarity",False,False,14.56838,121.02845,"0101000020E61000008FE4F21FD2415E40A5660FB402232D40","2026-06-09 17:50:16.015093+00","2026-06-10 15:53:52.679314+00"
"openaq:4797646","openaq","4797646","San Juan Mini Park","NaN","PH","Clarity","Clarity",False,False,14.60399,121.02781,"0101000020E61000001D2098A3C7415E40DA38622D3E352D40","2026-06-09 17:50:16.015093+00","2026-06-10 15:53:52.679314+00"
"openaq:4797647","openaq","4797647","Marikina Sports Complex","NaN","PH","Clarity","Clarity",False,False,14.6341,121.09803,"0101000020E6100000B8019F1F46465E4086C954C1A8442D40","2026-06-09 17:50:16.015093+00","2026-06-10 15:53:52.679314+00"
"openaq:4797648","openaq","4797648","Barangay Tambo - Quirino Avenue","NaN","PH","Clarity","Clarity",False,False,14.51769,120.99638,"0101000020E6100000DD989EB0C43F5E40B7EEE6A90E092D40","2026-06-09 17:50:16.015093+00","2026-06-10 15:53:52.679314+00"
"openaq:4797649","openaq","4797649","Aurora Boulevard (Tramo) - Andrews Avenue","NaN","PH","Clarity","Clarity",False,False,14.52904,121.00472,"0101000020E6100000C7681D554D405E403B8DB454DE0E2D40","2026-06-09 17:50:16.015093+00","2026-06-10 15:53:52.679314+00"
"openaq:4797650","openaq","4797650","Pateros Bridge","NaN","PH","Clarity","Clarity",False,False,14.5457,121.06514,"0101000020E6100000556AF6402B445E40BADA8AFD65172D40","2026-06-09 17:50:16.015093+00","2026-06-10 15:53:52.679314+00"
"openaq:4797651","openaq","4797651","Ortigas Avenue-Roosevelt Intersection","NaN","PH","Clarity","Clarity",False,False,14.60346,121.04448,"0101000020E6100000DE54A4C2D8425E4069E388B5F8342D40","2026-06-09 17:50:16.015093+00","2026-06-10 15:53:52.679314+00"
"openaq:4797652","openaq","4797652","3S Center Bagbaguin","NaN","PH","Clarity","Clarity",False,False,14.71405,121.00088,"0101000020E61000001CCEFC6A0E405E40E86A2BF6976D2D40","2026-06-09 17:50:16.015093+00","2026-06-10 15:53:52.679314+00"
"openaq:4797653","openaq","4797653","Barangay Buli - Concepcion Street","NaN","PH","Clarity","Clarity",False,False,14.44481,121.04586,"0101000020E6100000740CC85EEF425E4016DEE522BEE32C40","2026-06-09 17:50:16.015093+00","2026-06-10 15:53:52.679314+00"
"openaq:4797654","openaq","4797654","Barangay San Antonio - Parañaque-Sucat Road (Shopwise)","NaN","PH","Clarity","Clarity",False,False,14.45671,121.03519,"0101000020E61000005CC98E8D40425E402783A3E4D5E92C40","2026-06-09 17:50:16.015093+00","2026-06-10 15:53:52.679314+00"
"openaq:4797655","openaq","4797655","Makati Avenue  - Antonio Arnaiz Avenue Intersection","NaN","PH","Clarity","Clarity",False,False,14.5507,121.02221,"0101000020E61000003AE97DE36B415E407DD0B359F5192D40","2026-06-09 17:50:16.015093+00","2026-06-10 15:53:52.679314+00"
"openaq:4797656","openaq","4797656","Barangay Tunasan - Maharlika Highway (SM Center Muntinlupa)","NaN","PH","Clarity","Clarity",False,False,14.37853,121.04615,"0101000020E6100000772D211FF4425E40191C25AFCEC12C40","2026-06-09 17:50:16.015093+00","2026-06-10 15:53:52.679314+00"
"openaq:4797657","openaq","4797657","Makati Avenue - Buendia Avenue Intersection","NaN","PH","Clarity","Clarity",False,False,14.56127,121.02799,"0101000020E61000005DA79196CA415E40AC730CC85E1F2D40","2026-06-09 17:50:16.015093+00","2026-06-10 15:53:52.679314+00"
"openaq:4797658","openaq","4797658","Barangay Fortune - Santan Street","NaN","PH","Clarity","Clarity",False,False,14.66115,121.12476,"0101000020E610000055F65D11FC475E403480B74082522D40","2026-06-09 17:50:16.015093+00","2026-06-10 15:53:52.679314+00"
"openaq:4797659","openaq","4797659","C3 Road (5th Avenue) - Rizal Avenue Extension","NaN","PH","Clarity","Clarity",False,False,14.64443,120.98409,"0101000020E610000085949F54FB3E5E40601F9DBAF2492D40","2026-06-09 17:50:16.015093+00","2026-06-10 15:53:52.679314+00"
"openaq:4797660","openaq","4797660","3S Center Paso De Blas","NaN","PH","Clarity","Clarity",False,False,14.71071,120.99545,"0101000020E610000068B3EA73B53F5E405DE15D2EE26B2D40","2026-06-09 17:50:16.015093+00","2026-06-10 15:53:52.679314+00"
"openaq:4797661","openaq","4797661","Old Wack Wack Road corner Shaw Boulevard","NaN","PH","Clarity","Clarity",False,False,14.58734,121.04665,"0101000020E6100000F0164850FC425E40E94317D4B72C2D40","2026-06-09 17:50:16.015093+00","2026-06-10 15:53:52.679314+00"
"openaq:4837111","openaq","4837111","Palm Estate","NaN","TH","Palm Estate","AirGradient",False,False,13.710874395049988,100.54139120223834,"0101000020E61000002CFD4827A6225940629B8CBAF76B2B40","2026-06-09 17:50:16.015093+00","2026-06-10 15:53:52.679314+00"
"openaq:4884063","openaq","4884063","Govt. Graduate College, Asghar Mall,",NULL,"PK","The Urban Unit","AirGradient",False,False,33.6291031,73.0559127,"0101000020E6100000967BDC1294435240F7274C7386D04040","2026-06-06 13:35:24.296129+00","2026-06-07 17:22:07.437197+00"
"openaq:4894523","openaq","4894523","Nantawan Pinklao-Ratchaphruek","NaN","TH","nnarin","AirGradient",False,False,13.770583060432282,100.43630207777919,"0101000020E610000043CF8C5FEC1B594005D1E6DC898A2B40","2026-06-09 17:50:16.015093+00","2026-06-10 15:53:52.679314+00"
"openaq:4963739","openaq","4963739","ASMPH","NaN","PH","Clarity","Clarity",False,False,14.59083,121.07037,"0101000020E6100000A6272CF180445E40CAFD0E45812E2D40","2026-06-09 17:50:16.015093+00","2026-06-10 15:53:52.679314+00"
"openaq:4993065","openaq","4993065","DPSW Production","NaN","TH","redfishheaven","AirGradient",False,False,13.843354,100.725719,"0101000020E61000007EC51A2E722E5940CDE67118CCAF2B40","2026-06-09 17:50:16.015093+00","2026-06-10 15:53:52.679314+00"
"openaq:5024214","openaq","5024214","Sukontasawat19 ","NaN","TH","WitKubKanis","AirGradient",False,False,13.833484,100.622189,"0101000020E610000095BBCFF1D1275940817A336ABEAA2B40","2026-06-09 17:50:16.015093+00","2026-06-10 15:53:52.679314+00"
"openaq:5092509","openaq","5092509","KU faculty of environnment","NaN","TH","HealthDEEP IRL","AirGradient",False,False,13.85574,100.570032,"0101000020E61000001A6B7F677B24594012C2A38D23B62B40","2026-06-09 17:50:16.015093+00","2026-06-10 15:53:52.679314+00"
"openaq:5092510","openaq","5092510","Kasetsart University","NaN","TH","HealthDEEP IRL","AirGradient",False,False,13.85574,100.570032,"0101000020E61000001A6B7F677B24594012C2A38D23B62B40","2026-06-09 17:50:16.015093+00","2026-06-10 15:53:52.679314+00"
"openaq:5108494","openaq","5108494","Magi HQ","NaN","TH","Magi","AirGradient",False,False,13.730769164153706,100.6934361114503,"0101000020E6100000D822DB41612C59404CEE396027762B40","2026-06-09 17:50:16.015093+00","2026-06-10 15:53:52.679314+00"
"openaq:5454936","openaq","5454936","BTT HQ","NaN","TH","AirGradient","AirGradient",False,False,13.631563,100.489559,"0101000020E6100000999D45EF541F594030BABC395C432B40","2026-06-09 17:50:16.015093+00","2026-06-10 15:53:52.679314+00"
"openaq:5545","openaq","5545","Chulalongkorn Hospital","Bangkok","TH","Unknown Governmental Organization","Air4Thai",True,False,13.729852,100.536501,"0101000020E61000005D514A085622594023D74D29AF752B40","2026-06-06 13:35:24.296129+00","2026-06-10 15:53:52.679314+00"
"openaq:5604146","openaq","5604146","Conde sur Vesgre",NULL,"FR","AirGradient","AirGradient",False,False,48.741076,1.656739,"0101000020E6100000B81FF0C00082FA3FDDEC0F94DB5E4840","2026-06-06 13:35:24.296129+00","2026-06-07 17:22:07.437197+00"
"openaq:5905179","openaq","5905179","Shelford","NaN","SG","AirGradient","AirGradient",False,False,1.324983,103.812506,"0101000020E610000071732A1900F459407218CC5F2133F53F","2026-06-09 17:50:16.015093+00","2026-06-10 15:53:52.679314+00"
"openaq:5951902","openaq","5951902","Air Quality Nexus Center_GIC ","NaN","TH","Air Quality Nexus Center","AirGradient",False,False,14.08211,100.6129,"0101000020E6100000FAEDEBC039275940605969520A2A2C40","2026-06-09 17:50:16.015093+00","2026-06-10 15:53:52.679314+00"
"openaq:5955903","openaq","5955903","Air Quality Nexus Center","NaN","TH","Air Quality Nexus Center","AirGradient",False,False,14.082600300738342,100.61297245208486,"0101000020E61000006BC3CEF03A275940349F2C964A2A2C40","2026-06-09 17:50:16.015093+00","2026-06-10 15:53:52.679314+00"
"openaq:5963700","openaq","5963700","313_Cubao","NaN","PH","AirGradient","AirGradient",False,False,14.6227,121.0528,"0101000020E6100000A54E401361435E403B70CE88D23E2D40","2026-06-09 17:50:16.015093+00","2026-06-10 15:53:52.679314+00"
"openaq:5974688","openaq","5974688","Ayala MRT","NaN","PH","AirGradient","AirGradient",False,False,14.5496,121.0285,"0101000020E6100000E7FBA9F1D2415E4061C3D32B65192D40","2026-06-09 17:50:16.015093+00","2026-06-10 15:53:52.679314+00"
"openaq:5975180","openaq","5975180","Valenzuela","NaN","PH","DLSU","AirGradient",False,False,14.688555,120.970708,"0101000020E6100000CC7D7214203E5E409BFEEC478A602D40","2026-06-09 17:50:16.015093+00","2026-06-10 15:53:52.679314+00"
"openaq:5976206","openaq","5976206","Las Pinas","NaN","PH","DLSU","AirGradient",False,False,14.437546,121.000088,"0101000020E6100000D047197101405E40C1FD800706E02C40","2026-06-09 17:50:16.015093+00","2026-06-10 15:53:52.679314+00"
"openaq:5995084","openaq","5995084","Pasay Rotonda","NaN","PH","AirGradient","AirGradient",False,False,14.53766,121.00039,"0101000020E6100000B54FC76306405E4017BCE82B48132D40","2026-06-09 17:50:16.015093+00","2026-06-10 15:53:52.679314+00"
"openaq:6046741","openaq","6046741","Ceil Condo Outdoor","NaN","TH","AirGradient","AirGradient",False,False,13.730526919960575,100.58789715633158,"0101000020E6100000C1F6641BA02559401428DC9F07762B40","2026-06-09 17:50:16.015093+00","2026-06-10 15:53:52.679314+00"
"openaq:6048285","openaq","6048285","Klin Mai Ram village","NaN","TH","AirGradient","AirGradient",False,False,13.6882883,100.6288872,"0101000020E6100000DF3719B03F2859405A70F55267602B40","2026-06-09 17:50:16.015093+00","2026-06-10 15:53:52.679314+00"
"openaq:6119237","openaq","6119237","Singapore","NaN","SG","AirGradient","AirGradient",False,False,1.3521,103.8198,"0101000020E6100000B1506B9A77F45940E0BE0E9C33A2F53F","2026-06-06 13:35:24.296129+00","2026-06-10 15:53:52.679314+00"
"openaq:6130741","openaq","6130741","Sukhumvit101/1","NaN","TH","AirGradient","AirGradient",False,False,13.682404,100.613816,"0101000020E6100000BD70E7C248275940B5519D0E645D2B40","2026-06-09 17:50:16.015093+00","2026-06-10 15:53:52.679314+00"
"openaq:6144367","openaq","6144367","Duang Prateep Foundation HQ","NaN","TH","Duang Prateep Foundation","AirGradient",False,False,13.710670173250579,100.57499367487921,"0101000020E6100000D64045B2CC24594031B500F6DC6B2B40","2026-06-09 17:50:16.015093+00","2026-06-10 15:53:52.679314+00"
"openaq:6144405","openaq","6144405","Baan Makong","NaN","TH","Duang Prateep Foundation","AirGradient",False,False,13.70559,100.584,"0101000020E61000004C37894160255940F0C4AC1743692B40","2026-06-09 17:50:16.015093+00","2026-06-10 15:53:52.679314+00"
"openaq:6144666","openaq","6144666","Lock 1-2-3 (13.7121923, 100.5740800)","NaN","TH","Duang Prateep Foundation","AirGradient",False,False,13.712219,100.57408,"0101000020E610000069520ABABD245940FD2D01F8A76C2B40","2026-06-09 17:50:16.015093+00","2026-06-10 15:53:52.679314+00"
"openaq:6154187","openaq","6154187","Britania KhuKhot","NaN","TH","AirGradient","AirGradient",False,False,13.95102,100.648903,"0101000020E6100000AFD172A08729594010AFEB17ECE62B40","2026-06-09 17:50:16.015093+00","2026-06-10 15:53:52.679314+00"
"openaq:6191434","openaq","6191434","Joo Chiat Place","NaN","SG","AirGradient","AirGradient",False,False,1.313748,103.90176,"0101000020E6100000D235936FB6F959406EF7729F1C05F53F","2026-06-09 17:50:16.015093+00","2026-06-10 15:53:52.679314+00"
"openaq:6192014","openaq","6192014","Opposite TU Chiang Rak 1 - ชุมชนคุ้งผ้าพับ มธ. เชียงราก 1 - เครื่อง Test","NaN","TH","AirGradient","AirGradient",False,False,14.064828,100.605157,"0101000020E610000083FC6CE4BA265940EDBAB72231212C40","2026-06-09 17:50:16.015093+00","2026-06-10 15:53:52.679314+00"
"openaq:6195103","openaq","6195103","Mityothin, Chatuchak, Bangkok","NaN","TH","AirGradient","AirGradient",False,False,13.8237744,100.5667347,"0101000020E610000089809E6145245940659016C2C5A52B40","2026-06-06 13:35:24.296129+00","2026-06-10 15:53:52.679314+00"
"openaq:6204360","openaq","6204360","Ban Fah Piyarom phase 2 (Kiengsuan)","NaN","TH","AirGradient","AirGradient",False,False,13.94169,100.737271,"0101000020E61000008352B4722F2F5940C3F0113125E22B40","2026-06-09 17:50:16.015093+00","2026-06-10 15:53:52.679314+00"
"openaq:6204666","openaq","6204666","Snoozer Labs (Tantip Village)","NaN","TH","AirGradient","AirGradient",False,False,13.76183725246212,100.65373440109288,"0101000020E6100000B33DD0C8D62959400B6648880F862B40","2026-06-09 17:50:16.015093+00","2026-06-10 15:53:52.679314+00"
"openaq:6204667","openaq","6204667","Life Bangkok Boulevard","NaN","TH","AirGradient","AirGradient",False,False,13.8158217,100.6953185,"0101000020E610000071732A19802C5940F8BBC161B3A12B40","2026-06-06 13:35:24.296129+00","2026-06-10 15:53:52.679314+00"
"openaq:6205698","openaq","6205698","AGRO🏠","NaN","TH","AirGradient","AirGradient",False,False,13.908673,100.435375,"0101000020E6100000BE9F1A2FDD1B5940348463963DD12B40","2026-06-09 17:50:16.015093+00","2026-06-10 15:53:52.679314+00"
"openaq:6205699","openaq","6205699","SM HQ","NaN","TH","AirGradient","AirGradient",False,False,13.7745623,100.7076196,"0101000020E61000008D00B8A3492D5940D86D066E938C2B40","2026-06-09 17:50:16.015093+00","2026-06-10 15:53:52.679314+00"
"openaq:6205700","openaq","6205700","GappyZ HQ","NaN","TH","AirGradient","AirGradient",False,False,13.638242,100.482148,"0101000020E61000003CF54883DB1E594005DEC9A7C7462B40","2026-06-09 17:50:16.015093+00","2026-06-10 15:53:52.679314+00"
"openaq:6205924","openaq","6205924","Manthana 2 Bangna KM.7","NaN","TH","AirGradient","AirGradient",False,False,13.64403537761468,100.66741440750471,"0101000020E61000002A47EBEAB62A5940E5A44801BF492B40","2026-06-09 17:50:16.015093+00","2026-06-10 15:53:52.679314+00"
"openaq:6209259","openaq","6209259","Ramon Avancena High School","NaN","PH","AirGradient","AirGradient",False,False,14.593565,120.989459,"0101000020E6100000E76ED74B533F5E40B9196EC0E72F2D40","2026-06-09 17:50:16.015093+00","2026-06-10 15:53:52.679314+00"
"openaq:6209698","openaq","6209698","OatState Home - Baan Klang Muang Phaholyothin 50","NaN","TH","AirGradient","AirGradient",False,False,13.887808364752395,100.61798243052827,"0101000020E6100000C7272E068D2759401C7467D18EC62B40","2026-06-09 17:50:16.015093+00","2026-06-10 15:53:52.679314+00"
"openaq:6210702","openaq","6210702","Mind Tiwanon Village","NaN","TH","AirGradient","AirGradient",False,False,13.848333,100.505547,"0101000020E6100000D2E5CDE15A205940323CF6B358B22B40","2026-06-09 17:50:16.015093+00","2026-06-10 15:53:52.679314+00"
"openaq:6216172","openaq","6216172","585 Prachasongkhro 2 Yak 11 DinDaeng Bangkok","NaN","TH","AirGradient","AirGradient",False,False,13.762562,100.559812,"0101000020E610000022FAB5F5D32359403F58C6866E862B40","2026-06-06 13:35:24.296129+00","2026-06-10 15:53:52.679314+00"
"openaq:6220117","openaq","6220117","Soi Pattanasin","NaN","TH","AirGradient","AirGradient",False,False,13.78119,100.53811,"0101000020E6100000A3E9EC6470225940ABECBB22F88F2B40","2026-06-09 17:50:16.015093+00","2026-06-10 15:53:52.679314+00"
"openaq:6222090","openaq","6222090","The Supreme Artist Hall","Pathum Thani","TH","Unknown Governmental Organization","Air4Thai",True,False,14.071361045244474,100.69966420057868,"0101000020E6100000B7EA5A4CC72C59401911576F89242C40","2026-06-09 17:50:16.015093+00","2026-06-10 15:53:52.679314+00"
"openaq:6222557","openaq","6222557","Granada Pinklao Village","NaN","TH","AirGradient","AirGradient",False,False,13.793313574500337,100.36264082195247,"0101000020E6100000BF9ED9813517594053E763322D962B40","2026-06-09 17:50:16.015093+00","2026-06-10 15:53:52.679314+00"
"openaq:6224050","openaq","6224050","Meow-nitoring Station, Thoet Rachan, Don mueang, Bangkok","NaN","TH","AirGradient","AirGradient",False,False,13.94765038109582,100.59536746994597,"0101000020E61000004B2129801A2659406CB2456E32E52B40","2026-06-06 13:35:24.296129+00","2026-06-10 15:53:52.679314+00"
"openaq:6229487","openaq","6229487","All Weather Farm","NaN","TH","AirGradient","AirGradient",False,False,13.623311,100.434948,"0101000020E61000007BDD2230D61B59405F79909E223F2B40","2026-06-09 17:50:16.015093+00","2026-06-10 15:53:52.679314+00"
"openaq:6229488","openaq","6229488","Baan Kin","NaN","TH","AirGradient","AirGradient",False,False,13.626585,100.419946,"0101000020E610000081053065E01A59400D54C6BFCF402B40","2026-06-09 17:50:16.015093+00","2026-06-10 15:53:52.679314+00"
"openaq:6230501","openaq","6230501","North Caloocan Nova Romania - Alora (download airgradient mobile app for realtime data)","NaN","PH","AirGradient","AirGradient",False,False,14.7459495,121.0101457,"0101000020E61000007B6C263AA6405E4063EFC517ED7D2D40","2026-06-09 17:50:16.015093+00","2026-06-10 15:53:52.679314+00"
"openaq:6230638","openaq","6230638","Miracle Theparak","NaN","TH","AirGradient","AirGradient",False,False,13.601138,100.681314,"0101000020E6100000A51309A69A2B594005C4245CC8332B40","2026-06-09 17:50:16.015093+00","2026-06-10 15:53:52.679314+00"
"openaq:6230737","openaq","6230737","Test bed","NaN","TH","AirGradient","AirGradient",False,False,13.849607,100.504991,"0101000020E61000008F71C5C551205940C5E74EB0FFB22B40","2026-06-09 17:50:16.015093+00","2026-06-10 15:53:52.679314+00"
"openaq:6235850","openaq","6235850","THE LINE Phahonyothin Park","NaN","TH","AirGradient","AirGradient",False,False,13.817607270599972,100.566363356019,"0101000020E610000048F0164C3F245940BC65906B9DA22B40","2026-06-09 17:50:16.015093+00","2026-06-10 15:53:52.679314+00"
"openaq:6236444","openaq","6236444","Rangsit - Nakhon Nayok 50","NaN","TH","AirGradient","AirGradient",False,False,13.983343863176646,100.64824474352226,"0101000020E6100000D94E85D77C295940CA21CAD878F72B40","2026-06-09 17:50:16.015093+00","2026-06-10 15:53:52.679314+00"
"openaq:6240774","openaq","6240774","147/23 Maneerin Park Rangsit","NaN","TH","AirGradient","AirGradient",False,False,13.994154165223069,100.56624675916261,"0101000020E610000071040C633D2459406AA155C601FD2B40","2026-06-09 17:50:16.015093+00","2026-06-10 15:53:52.679314+00"
"openaq:6242472","openaq","6242472","The Miracle Thepharak","NaN","TH","AirGradient","AirGradient",False,False,13.60110559801693,100.68135071743959,"0101000020E610000096200A409B2B5940B9D9E91CC4332B40","2026-06-09 17:50:16.015093+00","2026-06-10 15:53:52.679314+00"
"openaq:6245573","openaq","6245573","Passorn 5","NaN","TH","AirGradient","AirGradient",False,False,13.7061133,100.4519157,"0101000020E61000002203D42FEC1C5940918AB5AE87692B40","2026-06-09 17:50:16.015093+00","2026-06-10 15:53:52.679314+00"
"openaq:6248478","openaq","6248478","ThaReang","NaN","TH","AirGradient","AirGradient",False,False,13.8644075,100.6580904,"0101000020E6100000F17332271E2A594091D5AD9E93BA2B40","2026-06-09 17:50:16.015093+00","2026-06-10 15:53:52.679314+00"
"openaq:6262229","openaq","6262229","Public Park to commemorate the sixth anniversary of His Majesty the King","Bangkok","TH","Unknown Governmental Organization","Air4Thai",True,False,13.685524189587932,100.51830028147444,"0101000020E61000002E9CF1D42B2159404DCBCD06FD5E2B40","2026-06-06 13:35:24.296129+00","2026-06-10 15:53:52.679314+00"
"openaq:6262415","openaq","6262415","Opposite TU Chiang Rak 1 - ชุมชนคุ้งผ้าพับ มธ. เชียงราก 1 - เครื่อง Test","NaN","TH","AirGradient","AirGradient",False,False,14.065220541194403,100.6049662454904,"0101000020E61000002CE457C4B72659402EEA369664212C40","2026-06-09 17:50:16.015093+00","2026-06-10 15:53:52.679314+00"
"openaq:6265524","openaq","6265524","AA","NaN","SG","AirGradient","AirGradient",False,False,1.2856828792390709,103.87525080542488,"0101000020E61000003E46F41B04F859402ABEF5352892F43F","2026-06-09 17:50:16.015093+00","2026-06-10 15:53:52.679314+00"
"openaq:6265525","openaq","6265525","TaGu","NaN","TH","AirGradient","AirGradient",False,False,13.764253106297673,100.50850720090718,"0101000020E6100000516BC9618B20594070D4E22E4C872B40","2026-06-09 17:50:16.015093+00","2026-06-10 15:53:52.679314+00"
"openaq:6265526","openaq","6265526","Air data collection at Un conference","NaN","TH","AirGradient","AirGradient",False,False,13.7101,100.4543,"0101000020E6100000A9A44E40131D59407AC7293A926B2B40","2026-06-09 17:50:16.015093+00","2026-06-10 15:53:52.679314+00"
"openaq:6265527","openaq","6265527","Allin-Wayra","NaN","TH","AirGradient","AirGradient",False,False,13.754,100.5014,"0101000020E6100000B98D06F016205940355EBA490C822B40","2026-06-09 17:50:16.015093+00","2026-06-10 15:53:52.679314+00"
"openaq:6265528","openaq","6265528","Aurgradient BAQ Monitor","NaN","TH","AirGradient","AirGradient",False,False,13.76402528587127,100.50871186467644,"0101000020E6100000D77735BC8E205940B04480522E872B40","2026-06-09 17:50:16.015093+00","2026-06-10 15:53:52.679314+00"
"openaq:6265529","openaq","6265529","Marikina","NaN","PH","AirGradient","AirGradient",False,False,14.65568,121.11149,"0101000020E610000030F5F3A622475E405648F949B54F2D40","2026-06-09 17:50:16.015093+00","2026-06-10 15:53:52.679314+00"
"openaq:6266905","openaq","6266905","CACAAS Co., Ltd. - Keystone TU Office","NaN","TH","AirGradient","AirGradient",False,False,14.06392,100.59814,"0101000020E61000007C9BFEEC47265940E21E4B1FBA202C40","2026-06-09 17:50:16.015093+00","2026-06-10 15:53:52.679314+00"
"openaq:6273498","openaq","6273498","461B AQ","NaN","SG","AirGradient","AirGradient",False,False,1.3554983141500208,103.74032475704472,"0101000020E610000047FB167B61EF594069EB10001FB0F53F","2026-06-09 17:50:16.015093+00","2026-06-10 15:53:52.679314+00"
"openaq:6275863","openaq","6275863","pasay city","NaN","PH","AirGradient","AirGradient",False,False,14.558248,120.993386,"0101000020E61000007993DFA2933F5E40651D8EAED21D2D40","2026-06-09 17:50:16.015093+00","2026-06-10 15:53:52.679314+00"
"openaq:6284033","openaq","6284033","Timoteo Paez Integrated High School","NaN","PH","AirGradient","AirGradient",False,False,14.630765,120.967483,"0101000020E6100000E71BD13DEB3D5E4042EC4CA1F3422D40","2026-06-09 17:50:16.015093+00","2026-06-10 15:53:52.679314+00"
"openaq:6288760","openaq","6288760","Palm","NaN","TH","AirGradient","AirGradient",False,False,13.710894,100.541399,"0101000020E610000093C5FD47A622594062D8614CFA6B2B40","2026-06-09 17:50:16.015093+00","2026-06-10 15:53:52.679314+00"
"openaq:6289675","openaq","6289675","CGB","NaN","SG","AirGradient","AirGradient",False,False,1.284852620229752,103.82913650735856,"0101000020E610000094C1919210F559402D11019FC18EF43F","2026-06-09 17:50:16.015093+00","2026-06-10 15:53:52.679314+00"
"openaq:6303934","openaq","6303934","Sta. Ana Hospital","NaN","PH","Clarity","Clarity",False,False,14.58385,121.01645,"0101000020E61000003B014D840D415E40098A1F63EE2A2D40","2026-06-09 17:50:16.015093+00","2026-06-10 15:53:52.679314+00"
"openaq:6303935","openaq","6303935","Near Puregold Tayuman","NaN","PH","Clarity","Clarity",False,False,14.61825,120.97142,"0101000020E61000008AABCABE2B3E5E40068195438B3C2D40","2026-06-09 17:50:16.015093+00","2026-06-10 15:53:52.679314+00"
"openaq:6303936","openaq","6303936","Anda Circle","NaN","PH","Clarity","Clarity",False,False,14.59064,120.97112,"0101000020E6100000751F80D4263E5E403C6BB75D682E2D40","2026-06-09 17:50:16.015093+00","2026-06-10 15:53:52.679314+00"
"openaq:6303937","openaq","6303937","San Sebastian Residences","NaN","PH","Clarity","Clarity",False,False,14.59871,120.98947,"0101000020E6100000E197FA79533F5E408A93FB1D8A322D40","2026-06-09 17:50:16.015093+00","2026-06-10 15:53:52.679314+00"
"openaq:6324509","openaq","6324509","Fort Canning, Singapore","NaN","SG","AirGradient","AirGradient",False,False,1.2947483243660438,103.84252492290038,"0101000020E6100000037BA7EDEBF55940513FDB044AB7F43F","2026-06-06 13:35:24.296129+00","2026-06-10 15:53:52.679314+00"
"openaq:6338564","openaq","6338564","Rajah Sulayman Park","NaN","PH","Clarity","Clarity",False,False,14.569,120.98366,"0101000020E610000089981249F43E5E4017D9CEF753232D40","2026-06-09 17:50:16.015093+00","2026-06-10 15:53:52.679314+00"
"openaq:6340868","openaq","6340868","Tivoli","NaN","PH","AirGradient","AirGradient",False,False,14.676664,121.095814,"0101000020E6100000EF1F0BD121465E40D7C22CB4735A2D40","2026-06-09 17:50:16.015093+00","2026-06-10 15:53:52.679314+00"
"openaq:6377899","openaq","6377899","AIRiana Grande","NaN","SG","AirGradient","AirGradient",False,False,1.3633598,103.8312241,"0101000020E6100000694991C632F55940CAE59A5D52D0F53F","2026-06-09 17:50:16.015093+00","2026-06-10 15:53:52.679314+00"
"openaq:6379147","openaq","6379147","College Green ","NaN","SG","AirGradient","AirGradient",False,False,1.3236135590820972,103.8159092656027,"0101000020E610000016117FDB37F45940DDCB4C69852DF53F","2026-06-09 17:50:16.015093+00","2026-06-10 15:53:52.679314+00"
"openaq:6379742","openaq","6379742","Smedsbacksgatan 1",NULL,"SE","AirGradient","AirGradient",False,False,59.34672097802281,18.100017510053643,"0101000020E61000002FB55EBF9A193240F9B85E5A61AC4D40","2026-06-06 13:35:24.296129+00","2026-06-07 17:22:07.437197+00"
"openaq:6384709","openaq","6384709","ADB Courtyard (Demo)","NaN","PH","Clarity","Clarity",False,False,14.58828,121.05896,"0101000020E61000006BF12900C6435E4021C84109332D2D40","2026-06-09 17:50:16.015093+00","2026-06-10 15:53:52.679314+00"
"openaq:6391974","openaq","6391974","Valle1","NaN","PH","AirGradient","AirGradient",False,False,14.576655,121.070464,"0101000020E6100000E7E26F7B82445E405726FC523F272D40","2026-06-09 17:50:16.015093+00","2026-06-10 15:53:52.679314+00"
"openaq:6393360","openaq","6393360","Ayala Ave.","NaN","PH","Clarity","Clarity",False,False,14.55612,121.02236,"0101000020E6100000452FA3586E415E40944DB9C2BB1C2D40","2026-06-09 17:50:16.015093+00","2026-06-10 15:53:52.679314+00"
"openaq:701","openaq","701","Sukhothai Thammathirat Open University","Nonthaburi","TH","Unknown Governmental Organization","Air4Thai",True,False,13.907861,100.535641,"0101000020E6100000645930F147225940B2A03028D3D02B40","2026-06-09 17:50:16.015093+00","2026-06-10 15:53:52.679314+00"
"openaq:906","openaq","906","Residence for Dept. of Mineral Resources","Samut Prakan","TH","Unknown Governmental Organization","Air4Thai",True,False,13.652141,100.531805,"0101000020E61000005BB6D61709225940F0C2D66CE54D2B40","2026-06-09 17:50:16.015093+00","2026-06-10 15:53:52.679314+00"
"openaq:921162","openaq","921162","Suan Sayam-Ram Intra Intersection","Bangkok","TH","Unknown Governmental Organization","Air4Thai",True,False,13.799395,100.682464,"0101000020E6100000A12C7C7DAD2B5940FE2B2B4D4A992B40","2026-06-06 13:35:24.296129+00","2026-06-10 15:53:52.679314+00"
